Workbook

Sheet gc
E1: Bravo convert | O1: SAP | T1: Var.
A2: STT (No.) | B2: Mã số (Material Code) | C2: Mặt hàng (Description) | D2: Đơn Vị (Base Unit) | E2: Tồn đầu (Opening) | G2: Nhập (Receipt) | I2: Xuất (Issue) | K2: Tồn cuối (Closing) | M2: Ms_Code | O2: Nhập (Receipt) | Q2: Xuất (Issue) | T2: Nhập (Receipt) | V2: Xuất (Issue)
E3: Số lượng (Quantity) | F3: Giá trị (Amount) | G3: Số lượng (Quantity) | H3: Giá trị (Amount) | I3: Số lượng (Quantity) | J3: Giá trị (Amount) | K3: Số lượng (Quantity) | L3: Giá trị (Amount) | O3: Số lượng (Quantity) | P3: Giá trị (Amount) | Q3: Số lượng (Quantity) | R3: Giá trị (Amount) | T3: Số lượng (Quantity) | U3: Giá trị (Amount) | V3: Số lượng (Quantity) | W3: Giá trị (Amount)
A4: A | B4: B | C4: C | D4: D | E4: 1 | F4: 2 | G4: 3 | H4: 4 | I4: 5 | J4: 6 | K4: 7 | L4: 8 | M4: 9 | O4: 3 | P4: 4 | Q4: 5 | R4: 6 | T4: 3 | U4: 4 | V4: 5 | W4: 6
A5: 1 | B5: PSR0V0013 | C5: Lốp xe cao su- PSR073S 155/65 R13 NXTZ | D5: PC | E5: 1482 | F5: 42973.1 | G5: 1620 | H5: 43656.51 | I5: 1482 | J5: 42973.11 | K5: 1620 | L5: 43656.5 | O5: =+SUMIF(Zvf51!$A$2:$A$186,gc!$B5,Zvf51!$Q$2:$Q$186) -> 1620 | P5: =+SUMIF(Zvf51!$A$2:$A$186,gc!$B5,Zvf51!$AR$2:$AR$186) -> 43656.51 | Q5: =+E5 -> 1482 | R5: =+F5 -> 42973.1 | T5: =+O5-G5 -> 0 | U5: =+P5-H5 -> 0 | V5: =+Q5-I5 -> 0 | W5: =+R5-J5 -> -0.01
A6: 2 | B6: PSR0V0053 | C6: Lốp xe cao su-PSR091S 195/65R15 NXTZ | D6: PC | E6: 0 | F6: 0 | G6: 4095 | H6: 157990.95 | I6: 0 | J6: 0 | K6: 4095 | L6: 157990.95 | O6: =+SUMIF(Zvf51!$A$2:$A$186,gc!$B6,Zvf51!$Q$2:$Q$186) -> 4095 | P6: =+SUMIF(Zvf51!$A$2:$A$186,gc!$B6,Zvf51!$AR$2:$AR$186) -> 157990.95 | Q6: =+E6 -> 0 | R6: =+F6 -> 0 | T6: =+O6-G6 -> 0 | U6: =+P6-H6 -> 0 | V6: =+Q6-I6 -> 0 | W6: =+R6-J6 -> 0
A7: 3 | B7: PSR0V0063 | C7: Lốp xe cao su hiệu Bridgestone-PSR0V006(PSR081S165/70R14NXTZ) | D7: PC | E7: 0 | F7: 0 | G7: 1385 | H7: 44234.22 | I7: 0 | J7: 0 | K7: 1385 | L7: 44234.22 | O7: =+SUMIF(Zvf51!$A$2:$A$186,gc!$B7,Zvf51!$Q$2:$Q$186) -> 1385 | P7: =+SUMIF(Zvf51!$A$2:$A$186,gc!$B7,Zvf51!$AR$2:$AR$186) -> 44234.22 | Q7: =+E7 -> 0 | R7: =+F7 -> 0 | T7: =+O7-G7 -> 0 | U7: =+P7-H7 -> 0 | V7: =+Q7-I7 -> 0 | W7: =+R7-J7 -> 0
A8: 4 | B8: PSR0V0123 | C8: Lốp xe cao su hiệu Bridgestone-PSR0V012(PSR084H 185/60R15 NXTZ) | D8: PC | E8: 0 | F8: 0 | G8: 924 | H8: 33550.08 | I8: 0 | J8: 0 | K8: 924 | L8: 33550.08 | O8: =+SUMIF(Zvf51!$A$2:$A$186,gc!$B8,Zvf51!$Q$2:$Q$186) -> 924 | P8: =+SUMIF(Zvf51!$A$2:$A$186,gc!$B8,Zvf51!$AR$2:$AR$186) -> 33550.08 | Q8: =+E8 -> 0 | R8: =+F8 -> 0 | T8: =+O8-G8 -> 0 | U8: =+P8-H8 -> 0 | V8: =+Q8-I8 -> 0 | W8: =+R8-J8 -> 0
A9: 5 | B9: PSR0V01P3 | C9: PSR082H 175/65 R14 BAR3Z_R2DVA | D9: PC | E9: 620 | F9: 22757.55 | G9: 0 | H9: 0 | I9: 620 | J9: 22757.55 | K9: 0 | L9: 0 | O9: =+SUMIF(Zvf51!$A$2:$A$186,gc!$B9,Zvf51!$Q$2:$Q$186) -> 0 | P9: =+SUMIF(Zvf51!$A$2:$A$186,gc!$B9,Zvf51!$AR$2:$AR$186) -> 0 | Q9: =+E9 -> 620 | R9: =+F9 -> 22757.55 | T9: =+O9-G9 -> 0 | U9: =+P9-H9 -> 0 | V9: =+Q9-I9 -> 0 | W9: =+R9-J9 -> 0
A10: 6 | B10: PSR0V01S3 | C10: PSR0V01S(PSR82H175/65R14SPCZ_P2PVA) | D10: PC | E10: 822 | F10: 29935.84 | G10: 1010 | H10: 31839.06 | I10: 822 | J10: 29935.84 | K10: 1010 | L10: 31839.06 | O10: =+SUMIF(Zvf51!$A$2:$A$186,gc!$B10,Zvf51!$Q$2:$Q$186) -> 1010 | P10: =+SUMIF(Zvf51!$A$2:$A$186,gc!$B10,Zvf51!$AR$2:$AR$186) -> 31839.06 | Q10: =+E10 -> 822 | R10: =+F10 -> 29935.84 | T10: =+O10-G10 -> 0 | U10: =+P10-H10 -> 0 | V10: =+Q10-I10 -> 0 | W10: =+R10-J10 -> 0
A11: 7 | B11: PSR0V0293 | C11: PSR0V0293 (091V 205/55 R16 MY02FZ) | D11: PC | E11: 10 | F11: 389.57 | G11: 122 | H11: 4622.15 | I11: 10 | J11: 389.57 | K11: 122 | L11: 4622.15 | O11: =+SUMIF(Zvf51!$A$2:$A$186,gc!$B11,Zvf51!$Q$2:$Q$186) -> 122 | P11: =+SUMIF(Zvf51!$A$2:$A$186,gc!$B11,Zvf51!$AR$2:$AR$186) -> 4622.15 | Q11: =+E11 -> 10 | R11: =+F11 -> 389.57 | T11: =+O11-G11 -> 0 | U11: =+P11-H11 -> 0 | V11: =+Q11-I11 -> 0 | W11: =+R11-J11 -> 0
A12: 8 | B12: PSR0V02P3 | C12: PSR095HP205/65 R15 XLBAR3Z _QP3VA | D12: PC | E12: 197 | F12: 8260.92 | G12: 0 | H12: 0 | I12: 197 | J12: 8260.92 | K12: 0 | L12: 0 | O12: =+SUMIF(Zvf51!$A$2:$A$186,gc!$B12,Zvf51!$Q$2:$Q$186) -> 0 | P12: =+SUMIF(Zvf51!$A$2:$A$186,gc!$B12,Zvf51!$AR$2:$AR$186) -> 0 | Q12: =+E12 -> 197 | R12: =+F12 -> 8260.92 | T12: =+O12-G12 -> 0 | U12: =+P12-H12 -> 0 | V12: =+Q12-I12 -> 0 | W12: =+R12-J12 -> 0
A13: 9 | B13: PSR0V02S3 | C13: Lốp xe cao su hiệu Supercat-PSR0V02S(PSR082H175/70R13SPCZ) | D13: PC | E13: 96 | F13: 3345.67 | G13: 472 | H13: 14518.41 | I13: 96 | J13: 3345.67 | K13: 472 | L13: 14518.41 | O13: =+SUMIF(Zvf51!$A$2:$A$186,gc!$B13,Zvf51!$Q$2:$Q$186) -> 472 | P13: =+SUMIF(Zvf51!$A$2:$A$186,gc!$B13,Zvf51!$AR$2:$AR$186) -> 14518.41 | Q13: =+E13 -> 96 | R13: =+F13 -> 3345.67 | T13: =+O13-G13 -> 0 | U13: =+P13-H13 -> 0 | V13: =+Q13-I13 -> 0 | W13: =+R13-J13 -> 0
A14: 10 | B14: PSR0V03P3 | C14: PSR0V03P_BJTVA_95V 215/60 R16_BAR3Z | D14: PC | E14: 548 | F14: 26010.77 | G14: 0 | H14: 0 | I14: 548 | J14: 26010.77 | K14: 0 | L14: 0 | O14: =+SUMIF(Zvf51!$A$2:$A$186,gc!$B14,Zvf51!$Q$2:$Q$186) -> 0 | P14: =+SUMIF(Zvf51!$A$2:$A$186,gc!$B14,Zvf51!$AR$2:$AR$186) -> 0 | Q14: =+E14 -> 548 | R14: =+F14 -> 26010.77 | T14: =+O14-G14 -> 0 | U14: =+P14-H14 -> 0 | V14: =+Q14-I14 -> 0 | W14: =+R14-J14 -> 0
A15: 11 | B15: PSR0V03S3 | C15: PSR 86H 186/65 R14 SPCZ | D15: PC | E15: 136 | F15: 4944.88 | G15: 0 | H15: 0 | I15: 136 | J15: 4944.88 | K15: 0 | L15: 0 | O15: =+SUMIF(Zvf51!$A$2:$A$186,gc!$B15,Zvf51!$Q$2:$Q$186) -> 0 | P15: =+SUMIF(Zvf51!$A$2:$A$186,gc!$B15,Zvf51!$AR$2:$AR$186) -> 0 | Q15: =+E15 -> 136 | R15: =+F15 -> 4944.88 | T15: =+O15-G15 -> 0 | U15: =+P15-H15 -> 0 | V15: =+Q15-I15 -> 0 | W15: =+R15-J15 -> 0
A16: 12 | B16: PSR0V04S3 | C16: PSR0V04S 195/60R15 | D16: PC | E16: 1003 | F16: 41837.29 | G16: 0 | H16: 0 | I16: 1003 | J16: 41837.29 | K16: 0 | L16: 0 | O16: =+SUMIF(Zvf51!$A$2:$A$186,gc!$B16,Zvf51!$Q$2:$Q$186) -> 0 | P16: =+SUMIF(Zvf51!$A$2:$A$186,gc!$B16,Zvf51!$AR$2:$AR$186) -> 0 | Q16: =+E16 -> 1003 | R16: =+F16 -> 41837.29 | T16: =+O16-G16 -> 0 | U16: =+P16-H16 -> 0 | V16: =+Q16-I16 -> 0 | W16: =+R16-J16 -> 0
... A68: 64 | B68: PSR0VB3F3 | C68: Lốp xe cao su-PSR0VB3F (094V 205/55 R16 FRHAZ) | D68: PC | E68: 801 | F68: 31845.02 | G68: 0 | H68: 0 | I68: 801 | J68: 31845.01 | K68: 0 | L68: 0.01 | O68: =+SUMIF(Zvf51!$A$2:$A$186,gc!$B68,Zvf51!$Q$2:$Q$186) -> 0 | P68: =+SUMIF(Zvf51!$A$2:$A$186,gc!$B68,Zvf51!$AR$2:$AR$186) -> 0 | Q68: =+E68 -> 801 | R68: =+F68 -> 31845.02 | T68: =+O68-G68 -> 0 | U68: =+P68-H68 -> 0 | V68: =+Q68-I68 -> 0 | W68: =+R68-J68 -> 0.01
B69: Tổng cộng (Total): | E69: =SUBTOTAL(9,E5:E68) -> 21022 | F69: =SUBTOTAL(9,F5:F68) -> 863418.5 | G69: =SUBTOTAL(9,G5:G68) -> 26632 | H69: =SUBTOTAL(9,H5:H68) -> 1016486.5 | I69: =SUBTOTAL(9,I5:I68) -> 21022 | J69: =SUBTOTAL(9,J5:J68) -> 863418.49 | K69: =SUBTOTAL(9,K5:K68) -> 26632 | L69: =SUBTOTAL(9,L5:L68) -> 1016486.5 | O69: =SUBTOTAL(9,O4:O68) -> 26632 | P69: =SUBTOTAL(9,P4:P68) -> 1016486.5 | Q69: =SUBTOTAL(9,Q4:Q68) -> 21022 | R69: =SUBTOTAL(9,R4:R68) -> 863418.5 | T69: =SUBTOTAL(9,T4:T68) -> 0 | U69: =SUBTOTAL(9,U4:U68) -> -0.02 | V69: =SUBTOTAL(9,V4:V68) -> 0 | W69: =SUBTOTAL(9,W4:W68) -> 0.01
O70: =+SUMIF(Zvf51!$A$2:$A$183,gc!$B70,Zvf51!$Q$2:$Q$183) -> 0 | P70: =+SUMIF(Zvf51!$A$2:$A$183,gc!$B70,Zvf51!$AR$2:$AR$183) -> 0 | Q70: =+E70 -> 0 | R70: =+F70 -> 0 | T70: =+O70-G70 -> 0 | U70: =+P70-H70 -> 0 | V70: =+Q70-I70 -> 0 | W70: =+R70-J70 -> 0
O71: =+SUMIF(Zvf51!$A$2:$A$183,gc!$B71,Zvf51!$Q$2:$Q$183) -> 0 | P71: =+SUMIF(Zvf51!$A$2:$A$183,gc!$B71,Zvf51!$AR$2:$AR$183) -> 0 | Q71: =+E71 -> 0 | R71: =+F71 -> 0 | T71: =+O71-G71 -> 0 | U71: =+P71-H71 -> 0 | V71: =+Q71-I71 -> 0 | W71: =+R71-J71 -> 0
O72: =+SUMIF(Zvf51!$A$2:$A$183,gc!$B72,Zvf51!$Q$2:$Q$183) -> 0 | P72: =+SUMIF(Zvf51!$A$2:$A$183,gc!$B72,Zvf51!$AR$2:$AR$183) -> 0 | Q72: =+E72 -> 0 | R72: =+F72 -> 0 | T72: =+O72-G72 -> 0 | U72: =+P72-H72 -> 0 | V72: =+Q72-I72 -> 0 | W72: =+R72-J72 -> 0
O73: =+SUMIF(Zvf51!$A$2:$A$183,gc!$B73,Zvf51!$Q$2:$Q$183) -> 0 | P73: =+SUMIF(Zvf51!$A$2:$A$183,gc!$B73,Zvf51!$AR$2:$AR$183) -> 0 | Q73: =+E73 -> 0 | R73: =+F73 -> 0 | T73: =+O73-G73 -> 0 | U73: =+P73-H73 -> 0 | V73: =+Q73-I73 -> 0 | W73: =+R73-J73 -> 0
O74: =+SUMIF(Zvf51!$A$2:$A$183,gc!$B74,Zvf51!$Q$2:$Q$183) -> 0 | P74: =+SUMIF(Zvf51!$A$2:$A$183,gc!$B74,Zvf51!$AR$2:$AR$183) -> 0 | Q74: =+E74 -> 0 | R74: =+F74 -> 0 | T74: =+O74-G74 -> 0 | U74: =+P74-H74 -> 0 | V74: =+Q74-I74 -> 0 | W74: =+R74-J74 -> 0
O75: =+SUMIF(Zvf51!$A$2:$A$183,gc!$B75,Zvf51!$Q$2:$Q$183) -> 0 | P75: =+SUMIF(Zvf51!$A$2:$A$183,gc!$B75,Zvf51!$AR$2:$AR$183) -> 0 | Q75: =+E75 -> 0 | R75: =+F75 -> 0 | T75: =+O75-G75 -> 0 | U75: =+P75-H75 -> 0 | V75: =+Q75-I75 -> 0 | W75: =+R75-J75 -> 0

Sheet Zvf51
A1: MATERIAL NUMBER | B1: MATERIAL DESCRIPTION (SHORT TEXT) | C1: BASE UNIT OF MEASURE | D1: BALANCE B/F (QTY) | E1: SALES GOC B/F (QTY) | F1: GOODS RECEIPT (QTY) | G1: RETURN TO PRODUCTION (QTY) | H1: TOTAL BF (QTY) AND GR (QTY) | I1: SALES TO CUSTOMER (QTY) | J1: RETURN FROM CUSTOMER(QTY) | K1: STOCK TAKING INCREASE (QTY) | L1: STOCK TAKING DECREASE (QTY) | M1: SCRAP PROV.(QTY) | N1: SCRAP NOPROV.(QTY) | O1: ISSUED AS FOC (QTY) | P1: BALANCE C/F (QTY) | Q1: SALES GOC C/F (QTY) | R1: COST OF GOODS MANUFACTURED | S1: PREDETERMINED COST | T1: MONTHLY MOVING AVERAGE COST | U1: GOODS RECEIPT (PREDETERMINED) | V1: RETURN TO PRODUCTION (PREDETERMINED) | W1: SALES TO CUSTOMER (PREDETERMINED) | X1: RETURN FROM CUSTOMER (PREDETERMINED) | Y1: STOCK TAKING INCREASE (PREDETERMINED) | Z1: STOCK TAKING DECREASE (PREDETERMINED) | AA1: SCRAP PROV.(PREDETERMINED) | AB1: SCRAP NOPROV.(PREDETERMINED) | AC1: ISSUED AS FOC (PREDETERMINED) | AD1: BALANCE B/F (AMOUNT) | AE1: SALES GOC B/F (AMOUNT) | AF1: GOODS RECEIPT (COGM) | AG1: RECONCILIATION (AMOUNT) | AH1: TOTAL BF (MMA) AND GR (COGM) | AI1: SALES TO CUSTOMER (MMA) | AJ1: RETURN FROM CUSTOMER (ACTUAL COST) | AK1: STOCK TAKING INCREASE (MMA) | AL1: STOCK TAKING DECREASE (MMA) | AM1: SCRAP PROV.(MMA) | AN1: SCRAP NOPROV.(MMA) | AO1: ISSUED AS FOC (MMA) | AP1: BALANCE C/F (MMA) | AQ1: FRACTION ADJUSTMENT (AMOUNT) | AR1: SALES GOC C/F (AMOUNT) | AS1: GOODS RECEIPT (COGM - PREDETERMINED) | AT1: SALES TO CUSTOMER (MMA - PREDETERMINED) | AU1: RETURN FROM CUSTOMER(ACTUAL COST - PRE.)
A2: PSR0V0013 | B2: 073S 155/65 R13 NXTZ T D0VE | C2: T | D2: 14718 | E2: 1482 | F2: 19112 | G2: 0 | H2: 33830 | I2: -24150 | J2: 0 | K2: 0 | L2: 0 | M2: 0 | N2: 0 | O2: 0 | P2: 9680 | Q2: 1620 | R2: 25.37114 | S2: 28.1 | T2: 26.95 | U2: 537047.2 | V2: 0 | W2: -678615 | X2: 0 | Y2: 0 | Z2: 0 | AA2: 0 | AB2: 0 | AC2: 0 | AD2: 426773.34 | AE2: 0 | AF2: 484893.23 | AG2: 0 | AH2: 911666.57 | AI2: -650805.43 | AJ2: 0 | AK2: 0 | AL2: 0 | AM2: 0 | AN2: 0 | AO2: 0 | AP2: 260861.14 | AQ2: 0 | AR2: 43656.51 | AS2: -52153.97 | AT2: 27809.57 | AU2: 0
A3: PSR0V0023 | B3: 075S 155/65 R14 NXTZ T D0VE | C3: T | D3: 0 | E3: 0 | F3: 0 | G3: 0 | H3: 0 | I3: 0 | J3: 0 | K3: 0 | L3: 0 | M3: 0 | N3: 0 | O3: 0 | P3: 0 | Q3: 0 | R3: 0 | S3: 26.18 | T3: 31.57 | U3: 0 | V3: 0 | W3: 0 | X3: 0 | Y3: 0 | Z3: 0 | AA3: 0 | AB3: 0 | AC3: 0 | AD3: 0 | AE3: 0 | AF3: 0 | AG3: 0 | AH3: 0 | AI3: 0 | AJ3: 0 | AK3: 0 | AL3: 0 | AM3: 0 | AN3: 0 | AO3: 0 | AP3: 0 | AQ3: 0 | AR3: 0 | AS3: 0 | AT3: 0 | AU3: 0
A4: PSR0V0033 | B4: 075S 145/80 R13 NXTZ T D0VE | C4: T | D4: 0 | E4: 0 | F4: 0 | G4: 0 | H4: 0 | I4: 0 | J4: 0 | K4: 0 | L4: 0 | M4: 0 | N4: 0 | O4: 0 | P4: 0 | Q4: 0 | R4: 0 | S4: 26.8 | T4: 27.97 | U4: 0 | V4: 0 | W4: 0 | X4: 0 | Y4: 0 | Z4: 0 | AA4: 0 | AB4: 0 | AC4: 0 | AD4: 0 | AE4: 0 | AF4: 0 | AG4: 0 | AH4: 0 | AI4: 0 | AJ4: 0 | AK4: 0 | AL4: 0 | AM4: 0 | AN4: 0 | AO4: 0 | AP4: 0 | AQ4: 0 | AR4: 0 | AS4: 0 | AT4: 0 | AU4: 0
A5: PSR0V0043 | B5: 082S 175/65 R14 NXTZ T D0VE | C5: T | D5: 0 | E5: 0 | F5: 96 | G5: 0 | H5: 96 | I5: 0 | J5: 0 | K5: 0 | L5: 0 | M5: 0 | N5: 0 | O5: 0 | P5: 96 | Q5: 0 | R5: 31.400938 | S5: 34.71 | T5: 31.4 | U5: 3332.16 | V5: 0 | W5: 0 | X5: 0 | Y5: 0 | Z5: 0 | AA5: 0 | AB5: 0 | AC5: 0 | AD5: 0 | AE5: 0 | AF5: 3014.49 | AG5: 0 | AH5: 3014.49 | AI5: 0 | AJ5: 0 | AK5: 0 | AL5: 0 | AM5: 0 | AN5: 0 | AO5: 0 | AP5: 3014.49 | AQ5: 0 | AR5: 0 | AS5: -317.67 | AT5: 0 | AU5: 0
A6: PSR0V0053 | B6: 091S 195/65 R15 NXTZ T D0VE | C6: T | D6: 7365 | E6: 0 | F6: 23471 | G6: 0 | H6: 30836 | I6: -18250 | J6: 0 | K6: 0 | L6: 0 | M6: 0 | N6: 0 | O6: 0 | P6: 12586 | Q6: 4095 | R6: 36.103462 | S6: 39.7 | T6: 38.58 | U6: 931798.7 | V6: 0 | W6: -724525 | X6: 0 | Y6: 0 | Z6: 0 | AA6: 0 | AB6: 0 | AC6: 0 | AD6: 342312.6 | AE6: 0 | AF6: 847384.35 | AG6: 0 | AH6: 1189696.9 | AI6: -704111.08 | AJ6: 0 | AK6: 0 | AL6: 0 | AM6: 0 | AN6: 0 | AO6: 0 | AP6: 485585.87 | AQ6: 0 | AR6: 157990.95 | AS6: -84414.35 | AT6: 20413.92 | AU6: 0
A7: PSR0V0063 | B7: 081S 165/70 R14 NXTZ T D0VE | C7: T | D7: 9564 | E7: 0 | F7: 19359 | G7: 0 | H7: 28923 | I7: -17193 | J7: 0 | K7: 0 | L7: 0 | M7: 0 | N7: 0 | O7: 0 | P7: 11730 | Q7: 1385 | R7: 29.152846 | S7: 32.18 | T7: 31.94 | U7: 622972.62 | V7: 0 | W7: -553270.74 | X7: 0 | Y7: 0 | Z7: 0 | AA7: 0 | AB7: 0 | AC7: 0 | AD7: 359374.75 | AE7: 0 | AF7: 564369.95 | AG7: 0 | AH7: 923744.7 | AI7: -549111.18 | AJ7: 0 | AK7: 0 | AL7: 0 | AM7: 0 | AN7: 0 | AO7: 0 | AP7: 374633.52 | AQ7: 0 | AR7: 44234.22 | AS7: -58602.67 | AT7: 4159.56 | AU7: 0
A8: PSR0V0073 | B8: 088S 185/65 R15 NXTZ T D0VE | C8: T | D8: 0 | E8: 0 | F8: 0 | G8: 0 | H8: 0 | I8: 0 | J8: 0 | K8: 0 | L8: 0 | M8: 0 | N8: 0 | O8: 0 | P8: 0 | Q8: 0 | R8: 0 | S8: 33.51 | T8: 37.97 | U8: 0 | V8: 0 | W8: 0 | X8: 0 | Y8: 0 | Z8: 0 | AA8: 0 | AB8: 0 | AC8: 0 | AD8: 0 | AE8: 0 | AF8: 0 | AG8: 0 | AH8: 0 | AI8: 0 | AJ8: 0 | AK8: 0 | AL8: 0 | AM8: 0 | AN8: 0 | AO8: 0 | AP8: 0 | AQ8: 0 | AR8: 0 | AS8: 0 | AT8: 0 | AU8: 0
A9: PSR0V0083 | B9: 084S 175/70 R14 NXTZ T D0VE | C9: T | D9: 0 | E9: 0 | F9: 0 | G9: 0 | H9: 0 | I9: 0 | J9: 0 | K9: 0 | L9: 0 | M9: 0 | N9: 0 | O9: 0 | P9: 0 | Q9: 0 | R9: 0 | S9: 31.04 | T9: 31.69 | U9: 0 | V9: 0 | W9: 0 | X9: 0 | Y9: 0 | Z9: 0 | AA9: 0 | AB9: 0 | AC9: 0 | AD9: 0 | AE9: 0 | AF9: 0 | AG9: 0 | AH9: 0 | AI9: 0 | AJ9: 0 | AK9: 0 | AL9: 0 | AM9: 0 | AN9: 0 | AO9: 0 | AP9: 0 | AQ9: 0 | AR9: 0 | AS9: 0 | AT9: 0 | AU9: 0
A10: PSR0V0093 | B10: 079S 155/80 R13 NXTZ T D0VE | C10: T | D10: 0 | E10: 0 | F10: 0 | G10: 0 | H10: 0 | I10: 0 | J10: 0 | K10: 0 | L10: 0 | M10: 0 | N10: 0 | O10: 0 | P10: 0 | Q10: 0 | R10: 0 | S10: 28.23 | T10: 33.12 | U10: 0 | V10: 0 | W10: 0 | X10: 0 | Y10: 0 | Z10: 0 | AA10: 0 | AB10: 0 | AC10: 0 | AD10: 0 | AE10: 0 | AF10: 0 | AG10: 0 | AH10: 0 | AI10: 0 | AJ10: 0 | AK10: 0 | AL10: 0 | AM10: 0 | AN10: 0 | AO10: 0 | AP10: 0 | AQ10: 0 | AR10: 0 | AS10: 0 | AT10: 0 | AU10: 0
A11: PSR0V0103 | B11: 088S 185/70 R14 NXTZ T D0VE | C11: T | D11: 0 | E11: 0 | F11: 0 | G11: 0 | H11: 0 | I11: 0 | J11: 0 | K11: 0 | L11: 0 | M11: 0 | N11: 0 | O11: 0 | P11: 0 | Q11: 0 | R11: 0 | S11: 35.97 | T11: 34.71 | U11: 0 | V11: 0 | W11: 0 | X11: 0 | Y11: 0 | Z11: 0 | AA11: 0 | AB11: 0 | AC11: 0 | AD11: 0 | AE11: 0 | AF11: 0 | AG11: 0 | AH11: 0 | AI11: 0 | AJ11: 0 | AK11: 0 | AL11: 0 | AM11: 0 | AN11: 0 | AO11: 0 | AP11: 0 | AQ11: 0 | AR11: 0 | AS11: 0 | AT11: 0 | AU11: 0
A12: PSR0V0123 | B12: 084H 185/60 R15 NXTZ T D0VE | C12: T | D12: 1791 | E12: 0 | F12: 5725 | G12: 0 | H12: 7516 | I12: -4674 | J12: 0 | K12: 0 | L12: 0 | M12: 0 | N12: 0 | O12: 0 | P12: 2842 | Q12: 924 | R12: 33.976494 | S12: 37.44 | T12: 36.31 | U12: 214344 | V12: 0 | W12: -174994.56 | X12: 0 | Y12: 0 | Z12: 0 | AA12: 0 | AB12: 0 | AC12: 0 | AD12: 78387.58 | AE12: 0 | AF12: 194515.43 | AG12: 0 | AH12: 272903.01 | AI12: -169711.11 | AJ12: 0 | AK12: 0 | AL12: 0 | AM12: 0 | AN12: 0 | AO12: 0 | AP12: 103191.9 | AQ12: 0 | AR12: 33550.08 | AS12: -19828.57 | AT12: 5283.45 | AU12: 0
A13: PSR0V0133 | B13: 091V 205/55 R16 NXTZ T D0VE | C13: T | D13: 0 | E13: 0 | F13: 0 | G13: 0 | H13: 0 | I13: 0 | J13: 0 | K13: 0 | L13: 0 | M13: 0 | N13: 0 | O13: 0 | P13: 0 | Q13: 0 | R13: 0 | S13: 40.98 | T13: 46.16 | U13: 0 | V13: 0 | W13: 0 | X13: 0 | Y13: 0 | Z13: 0 | AA13: 0 | AB13: 0 | AC13: 0 | AD13: 0 | AE13: 0 | AF13: 0 | AG13: 0 | AH13: 0 | AI13: 0 | AJ13: 0 | AK13: 0 | AL13: 0 | AM13: 0 | AN13: 0 | AO13: 0 | AP13: 0 | AQ13: 0 | AR13: 0 | AS13: 0 | AT13: 0 | AU13: 0
... A189: PSR0VC4F3 | B189: 091T 195/70 R14 MLHK2Z T 5 23V0 | C189: T | D189: 0 | E189: 0 | F189: 84 | G189: 0 | H189: 84 | I189: 0 | J189: 0 | K189: 0 | L189: 0 | M189: 0 | N189: 0 | O189: 0 | P189: 84 | Q189: 0 | R189: 30.862857 | S189: 33.74 | T189: 30.86 | U189: 2834.16 | V189: 0 | W189: 0 | X189: 0 | Y189: 0 | Z189: 0 | AA189: 0 | AB189: 0 | AC189: 0 | AD189: 0 | AE189: 0 | AF189: 2592.48 | AG189: 0 | AH189: 2592.48 | AI189: 0 | AJ189: 0 | AK189: 0 | AL189: 0 | AM189: 0 | AN189: 0 | AO189: 0 | AP189: 2592.48 | AQ189: 0 | AR189: 0 | AS189: -241.68 | AT189: 0 | AU189: 0
D190: 140876 | E190: 21022 | F190: 265324 | G190: 0 | H190: 406200 | I190: -256224 | J190: 0 | K190: 0 | L190: 0 | M190: 0 | N190: -30 | O190: 0 | P190: 149946 | Q190: 26632 | U190: 10139488 | V190: 0 | W190: -9661493 | X190: 0 | Y190: 0 | Z190: 0 | AA190: 0 | AB190: -1401.9 | AC190: 0 | AD190: 5529170.5 | AF190: 9278302.7 | AG190: 0 | AH190: 14807473 | AI190: -9392879.8 | AJ190: 0 | AK190: 0 | AL190: 0 | AM190: 0 | AN190: -1409.22 | AO190: 0 | AP190: 5413184 | AQ190: 0 | AR190: 1016486.5 | AS190: -861185.55 | AT190: 268613.12 | AU190: 0

Sheet fp
A2: STT (No.) | B2: Mã số (Material Code) | C2: Mặt hàng (Description) | D2: Đơn Vị (Base Unit) | E2: Tồn đầu (Opening) | G2: Nhập (Receipt) | I2: Xuất (Issue) | K2: Tồn cuối (Closing) | M2: Ms_Code | O2: Nhập (Receipt) | Q2: Xuất (Issue) | S2: Tồn cuối (Closing) | V2: Nhập (Receipt) | X2: Xuất (Issue) | Z2: Tồn cuối (Closing)
E3: Số lượng (Quantity) | F3: Giá trị (Amount) | G3: Số lượng (Quantity) | H3: Giá trị (Amount) | I3: Số lượng (Quantity) | J3: Giá trị (Amount) | K3: Số lượng (Quantity) | L3: Giá trị (Amount) | O3: Số lượng (Quantity) | P3: Giá trị (Amount) | Q3: Số lượng (Quantity) | R3: Giá trị (Amount) | S3: Số lượng (Quantity) | T3: Giá trị (Amount) | V3: Số lượng (Quantity) | W3: Giá trị (Amount) | X3: Số lượng (Quantity) | Y3: Giá trị (Amount) | Z3: Số lượng (Quantity) | AA3: Giá trị (Amount)
A4: A | B4: B | C4: C | D4: D | E4: 1 | F4: 2 | G4: 3 | H4: 4 | I4: 5 | J4: 6 | K4: 7 | L4: 8 | M4: 9 | O4: 3 | P4: 4 | Q4: 5 | R4: 6 | S4: 7 | T4: 8 | V4: 3 | W4: 4 | X4: 5 | Y4: 6 | Z4: 7 | AA4: 8
A5: 1 | B5: PSR0V0013 | C5: Lốp xe cao su- PSR073S 155/65 R13 NXTZ | D5: PC | E5: 14718 | F5: 426773.34 | G5: 19112 | H5: 484893.21 | I5: 24150 | J5: 650805.43 | K5: 9680 | L5: 260861.12 | O5: =+SUMIF(Zvf51!$A$2:$A$189,fp!$B5,Zvf51!$F$2:$F$189) -> 19112 | P5: =+SUMIF(Zvf51!$A$2:$A$189,fp!$B5,Zvf51!$AF$2:$AF$189) -> 484893.23 | Q5: =-SUMIF(Zvf51!$A$2:$A$189,fp!$B5,Zvf51!$I$2:$I$189) -> 24150 | R5: =-SUMIF(Zvf51!$A$2:$A$189,fp!$B5,Zvf51!$AI$2:$AI$189) -> 650805.43 | S5: =+SUMIF(Zvf51!$A$2:$A$189,fp!$B5,Zvf51!$P$2:$P$189) -> 9680 | T5: =+SUMIF(Zvf51!$A$2:$A$189,fp!$B5,Zvf51!$AP$2:$AP$189) -> 260861.14 | V5: =+O5-G5 -> 0 | W5: =+P5-H5 -> 0.02 | X5: =+Q5-I5 -> 0 | Y5: =+R5-J5 -> 0 | Z5: =+S5-K5 -> 0 | AA5: =+T5-L5 -> 0.02
A6: 2 | B6: PSR0V0043 | C6: Lốp xe cao su -PSR082S 175/65R14 NXTZ | D6: PC | E6: 0 | F6: 0 | G6: 96 | H6: 3014.49 | I6: 0 | J6: 0 | K6: 96 | L6: 3014.49 | O6: =+SUMIF(Zvf51!$A$2:$A$189,fp!$B6,Zvf51!$F$2:$F$189) -> 96 | P6: =+SUMIF(Zvf51!$A$2:$A$189,fp!$B6,Zvf51!$AF$2:$AF$189) -> 3014.49 | Q6: =-SUMIF(Zvf51!$A$2:$A$189,fp!$B6,Zvf51!$I$2:$I$189) -> 0 | R6: =-SUMIF(Zvf51!$A$2:$A$189,fp!$B6,Zvf51!$AI$2:$AI$189) -> 0 | S6: =+SUMIF(Zvf51!$A$2:$A$189,fp!$B6,Zvf51!$P$2:$P$189) -> 96 | T6: =+SUMIF(Zvf51!$A$2:$A$189,fp!$B6,Zvf51!$AP$2:$AP$189) -> 3014.49 | V6: =+O6-G6 -> 0 | W6: =+P6-H6 -> 0 | X6: =+Q6-I6 -> 0 | Y6: =+R6-J6 -> 0 | Z6: =+S6-K6 -> 0 | AA6: =+T6-L6 -> 0
A7: 3 | B7: PSR0V0053 | C7: Lốp xe cao su-PSR091S 195/65R15 NXTZ | D7: PC | E7: 7365 | F7: 342312.6 | G7: 23471 | H7: 847384.48 | I7: 18250 | J7: 704111.04 | K7: 12586 | L7: 485586.04 | O7: =+SUMIF(Zvf51!$A$2:$A$189,fp!$B7,Zvf51!$F$2:$F$189) -> 23471 | P7: =+SUMIF(Zvf51!$A$2:$A$189,fp!$B7,Zvf51!$AF$2:$AF$189) -> 847384.35 | Q7: =-SUMIF(Zvf51!$A$2:$A$189,fp!$B7,Zvf51!$I$2:$I$189) -> 18250 | R7: =-SUMIF(Zvf51!$A$2:$A$189,fp!$B7,Zvf51!$AI$2:$AI$189) -> 704111.08 | S7: =+SUMIF(Zvf51!$A$2:$A$189,fp!$B7,Zvf51!$P$2:$P$189) -> 12586 | T7: =+SUMIF(Zvf51!$A$2:$A$189,fp!$B7,Zvf51!$AP$2:$AP$189) -> 485585.87 | V7: =+O7-G7 -> 0 | W7: =+P7-H7 -> -0.13 | X7: =+Q7-I7 -> 0 | Y7: =+R7-J7 -> 0.04 | Z7: =+S7-K7 -> 0 | AA7: =+T7-L7 -> -0.17
A8: 4 | B8: PSR0V0063 | C8: Lốp xe cao su hiệu Bridgestone-PSR0V006(PSR081S165/70R14NXTZ) | D8: PC | E8: 9564 | F8: 359374.75 | G8: 19359 | H8: 564369.96 | I8: 17193 | J8: 549111.18 | K8: 11730 | L8: 374633.53 | O8: =+SUMIF(Zvf51!$A$2:$A$189,fp!$B8,Zvf51!$F$2:$F$189) -> 19359 | P8: =+SUMIF(Zvf51!$A$2:$A$189,fp!$B8,Zvf51!$AF$2:$AF$189) -> 564369.95 | Q8: =-SUMIF(Zvf51!$A$2:$A$189,fp!$B8,Zvf51!$I$2:$I$189) -> 17193 | R8: =-SUMIF(Zvf51!$A$2:$A$189,fp!$B8,Zvf51!$AI$2:$AI$189) -> 549111.18 | S8: =+SUMIF(Zvf51!$A$2:$A$189,fp!$B8,Zvf51!$P$2:$P$189) -> 11730 | T8: =+SUMIF(Zvf51!$A$2:$A$189,fp!$B8,Zvf51!$AP$2:$AP$189) -> 374633.52 | V8: =+O8-G8 -> 0 | W8: =+P8-H8 -> -0.01 | X8: =+Q8-I8 -> 0 | Y8: =+R8-J8 -> 0 | Z8: =+S8-K8 -> 0 | AA8: =+T8-L8 -> -0.01
A9: 5 | B9: PSR0V0123 | C9: Lốp xe cao su hiệu Bridgestone-PSR0V012(PSR084H 185/60R15 NXTZ) | D9: PC | E9: 1791 | F9: 78387.58 | G9: 5725 | H9: 194515.39 | I9: 4674 | J9: 169711.12 | K9: 2842 | L9: 103191.85 | O9: =+SUMIF(Zvf51!$A$2:$A$189,fp!$B9,Zvf51!$F$2:$F$189) -> 5725 | P9: =+SUMIF(Zvf51!$A$2:$A$189,fp!$B9,Zvf51!$AF$2:$AF$189) -> 194515.43 | Q9: =-SUMIF(Zvf51!$A$2:$A$189,fp!$B9,Zvf51!$I$2:$I$189) -> 4674 | R9: =-SUMIF(Zvf51!$A$2:$A$189,fp!$B9,Zvf51!$AI$2:$AI$189) -> 169711.11 | S9: =+SUMIF(Zvf51!$A$2:$A$189,fp!$B9,Zvf51!$P$2:$P$189) -> 2842 | T9: =+SUMIF(Zvf51!$A$2:$A$189,fp!$B9,Zvf51!$AP$2:$AP$189) -> 103191.9 | V9: =+O9-G9 -> 0 | W9: =+P9-H9 -> 0.04 | X9: =+Q9-I9 -> 0 | Y9: =+R9-J9 -> -0.01 | Z9: =+S9-K9 -> 0 | AA9: =+T9-L9 -> 0.05
A10: 6 | B10: PSR0V01P3 | C10: PSR082H 175/65 R14 BAR3Z_R2DVA | D10: PC | E10: 1093 | F10: 40119.36 | G10: 25 | H10: 753.48 | I10: 842 | J10: 30782.59 | K10: 276 | L10: 10090.25 | O10: =+SUMIF(Zvf51!$A$2:$A$189,fp!$B10,Zvf51!$F$2:$F$189) -> 25 | P10: =+SUMIF(Zvf51!$A$2:$A$189,fp!$B10,Zvf51!$AF$2:$AF$189) -> 753.48 | Q10: =-SUMIF(Zvf51!$A$2:$A$189,fp!$B10,Zvf51!$I$2:$I$189) -> 842 | R10: =-SUMIF(Zvf51!$A$2:$A$189,fp!$B10,Zvf51!$AI$2:$AI$189) -> 30782.58 | S10: =+SUMIF(Zvf51!$A$2:$A$189,fp!$B10,Zvf51!$P$2:$P$189) -> 276 | T10: =+SUMIF(Zvf51!$A$2:$A$189,fp!$B10,Zvf51!$AP$2:$AP$189) -> 10090.25 | V10: =+O10-G10 -> 0 | W10: =+P10-H10 -> 0 | X10: =+Q10-I10 -> 0 | Y10: =+R10-J10 -> -0.01 | Z10: =+S10-K10 -> 0 | AA10: =+T10-L10 -> 0
A11: 7 | B11: PSR0V01S3 | C11: PSR0V01S(PSR82H175/65R14SPCZ_P2PVA) | D11: PC | E11: 2103 | F11: 76587.68 | G11: 6020 | H11: 179480.36 | I11: 5766 | J11: 181766.36 | K11: 2357 | L11: 74301.68 | O11: =+SUMIF(Zvf51!$A$2:$A$189,fp!$B11,Zvf51!$F$2:$F$189) -> 6020 | P11: =+SUMIF(Zvf51!$A$2:$A$189,fp!$B11,Zvf51!$AF$2:$AF$189) -> 179480.35 | Q11: =-SUMIF(Zvf51!$A$2:$A$189,fp!$B11,Zvf51!$I$2:$I$189) -> 5766 | R11: =-SUMIF(Zvf51!$A$2:$A$189,fp!$B11,Zvf51!$AI$2:$AI$189) -> 181766.37 | S11: =+SUMIF(Zvf51!$A$2:$A$189,fp!$B11,Zvf51!$P$2:$P$189) -> 2357 | T11: =+SUMIF(Zvf51!$A$2:$A$189,fp!$B11,Zvf51!$AP$2:$AP$189) -> 74301.65 | V11: =+O11-G11 -> 0 | W11: =+P11-H11 -> -0.01 | X11: =+Q11-I11 -> 0 | Y11: =+R11-J11 -> 0.01 | Z11: =+S11-K11 -> 0 | AA11: =+T11-L11 -> -0.03
A12: 8 | B12: PSR0V0203 | C12: PSR0V020(PSR88H185/70R14150EZ_PPPVA) | D12: PCS | E12: 19 | F12: 881.62 | G12: 0 | H12: 0 | I12: 0 | J12: 0 | K12: 19 | L12: 881.62 | O12: =+SUMIF(Zvf51!$A$2:$A$189,fp!$B12,Zvf51!$F$2:$F$189) -> 0 | P12: =+SUMIF(Zvf51!$A$2:$A$189,fp!$B12,Zvf51!$AF$2:$AF$189) -> 0 | Q12: =-SUMIF(Zvf51!$A$2:$A$189,fp!$B12,Zvf51!$I$2:$I$189) -> 0 | R12: =-SUMIF(Zvf51!$A$2:$A$189,fp!$B12,Zvf51!$AI$2:$AI$189) -> 0 | S12: =+SUMIF(Zvf51!$A$2:$A$189,fp!$B12,Zvf51!$P$2:$P$189) -> 19 | T12: =+SUMIF(Zvf51!$A$2:$A$189,fp!$B12,Zvf51!$AP$2:$AP$189) -> 881.63 | V12: =+O12-G12 -> 0 | W12: =+P12-H12 -> 0 | X12: =+Q12-I12 -> 0 | Y12: =+R12-J12 -> 0 | Z12: =+S12-K12 -> 0 | AA12: =+T12-L12 -> 0.01
A13: 9 | B13: PSR0V0223 | C13: PSR091H 195/70 R14 150EZ_GBAVA | D13: PC | E13: 173 | F13: 9345.41 | G13: 0 | H13: 0 | I13: 0 | J13: 0 | K13: 173 | L13: 9345.41 | O13: =+SUMIF(Zvf51!$A$2:$A$189,fp!$B13,Zvf51!$F$2:$F$189) -> 0 | P13: =+SUMIF(Zvf51!$A$2:$A$189,fp!$B13,Zvf51!$AF$2:$AF$189) -> 0 | Q13: =-SUMIF(Zvf51!$A$2:$A$189,fp!$B13,Zvf51!$I$2:$I$189) -> 0 | R13: =-SUMIF(Zvf51!$A$2:$A$189,fp!$B13,Zvf51!$AI$2:$AI$189) -> 0 | S13: =+SUMIF(Zvf51!$A$2:$A$189,fp!$B13,Zvf51!$P$2:$P$189) -> 173 | T13: =+SUMIF(Zvf51!$A$2:$A$189,fp!$B13,Zvf51!$AP$2:$AP$189) -> 9345.41 | V13: =+O13-G13 -> 0 | W13: =+P13-H13 -> 0 | X13: =+Q13-I13 -> 0 | Y13: =+R13-J13 -> 0 | Z13: =+S13-K13 -> 0 | AA13: =+T13-L13 -> 0
A14: 10 | B14: PSR0V0253 | C14: PSR0V025 (82V 195/50 R15_MY02FZ_KFCVA) | D14: PC | E14: 192 | F14: 8727.74 | G14: 0 | H14: 0 | I14: 0 | J14: 0 | K14: 192 | L14: 8727.74 | O14: =+SUMIF(Zvf51!$A$2:$A$189,fp!$B14,Zvf51!$F$2:$F$189) -> 0 | P14: =+SUMIF(Zvf51!$A$2:$A$189,fp!$B14,Zvf51!$AF$2:$AF$189) -> 0 | Q14: =-SUMIF(Zvf51!$A$2:$A$189,fp!$B14,Zvf51!$I$2:$I$189) -> 0 | R14: =-SUMIF(Zvf51!$A$2:$A$189,fp!$B14,Zvf51!$AI$2:$AI$189) -> 0 | S14: =+SUMIF(Zvf51!$A$2:$A$189,fp!$B14,Zvf51!$P$2:$P$189) -> 192 | T14: =+SUMIF(Zvf51!$A$2:$A$189,fp!$B14,Zvf51!$AP$2:$AP$189) -> 8727.74 | V14: =+O14-G14 -> 0 | W14: =+P14-H14 -> 0 | X14: =+Q14-I14 -> 0 | Y14: =+R14-J14 -> 0 | Z14: =+S14-K14 -> 0 | AA14: =+T14-L14 -> 0
A15: 11 | B15: PSR0V0263 | C15: PSR0V026_MADVA_85V 195/50 R15_MY02FZ | D15: PC | E15: 115 | F15: 5172.28 | G15: 0 | H15: 0 | I15: 0 | J15: 0 | K15: 115 | L15: 5172.28 | O15: =+SUMIF(Zvf51!$A$2:$A$189,fp!$B15,Zvf51!$F$2:$F$189) -> 0 | P15: =+SUMIF(Zvf51!$A$2:$A$189,fp!$B15,Zvf51!$AF$2:$AF$189) -> 0 | Q15: =-SUMIF(Zvf51!$A$2:$A$189,fp!$B15,Zvf51!$I$2:$I$189) -> 0 | R15: =-SUMIF(Zvf51!$A$2:$A$189,fp!$B15,Zvf51!$AI$2:$AI$189) -> 0 | S15: =+SUMIF(Zvf51!$A$2:$A$189,fp!$B15,Zvf51!$P$2:$P$189) -> 115 | T15: =+SUMIF(Zvf51!$A$2:$A$189,fp!$B15,Zvf51!$AP$2:$AP$189) -> 5172.28 | V15: =+O15-G15 -> 0 | W15: =+P15-H15 -> 0 | X15: =+Q15-I15 -> 0 | Y15: =+R15-J15 -> 0 | Z15: =+S15-K15 -> 0 | AA15: =+T15-L15 -> 0
A16: 12 | B16: PSR0V0293 | C16: PSR0V0293 (091V 205/55 R16 MY02FZ) | D16: PC | E16: 4 | F16: 155.83 | G16: 186 | H16: 7042.59 | I16: 154 | J16: 5834.51 | K16: 36 | L16: 1363.91 | O16: =+SUMIF(Zvf51!$A$2:$A$189,fp!$B16,Zvf51!$F$2:$F$189) -> 186 | P16: =+SUMIF(Zvf51!$A$2:$A$189,fp!$B16,Zvf51!$AF$2:$AF$189) -> 7042.6 | Q16: =-SUMIF(Zvf51!$A$2:$A$189,fp!$B16,Zvf51!$I$2:$I$189) -> 154 | R16: =-SUMIF(Zvf51!$A$2:$A$189,fp!$B16,Zvf51!$AI$2:$AI$189) -> 5834.51 | S16: =+SUMIF(Zvf51!$A$2:$A$189,fp!$B16,Zvf51!$P$2:$P$189) -> 36 | T16: =+SUMIF(Zvf51!$A$2:$A$189,fp!$B16,Zvf51!$AP$2:$AP$189) -> 1363.91 | V16: =+O16-G16 -> 0 | W16: =+P16-H16 -> 0.01 | X16: =+Q16-I16 -> 0 | Y16: =+R16-J16 -> 0 | Z16: =+S16-K16 -> 0 | AA16: =+T16-L16 -> 0
... A156: 152 | B156: PSR0VC4F3 | C156: Lốp xe cao su- PSR0VC4F3 091T 195/70 R14 MLHK2Z | D156: PC | E156: 0 | F156: 0 | G156: 84 | H156: 2592.48 | I156: 0 | J156: 0 | K156: 84 | L156: 2592.48 | O156: =+SUMIF(Zvf51!$A$2:$A$189,fp!$B156,Zvf51!$F$2:$F$189) -> 84 | P156: =+SUMIF(Zvf51!$A$2:$A$189,fp!$B156,Zvf51!$AF$2:$AF$189) -> 2592.48 | Q156: =-SUMIF(Zvf51!$A$2:$A$189,fp!$B156,Zvf51!$I$2:$I$189) -> 0 | R156: =-SUMIF(Zvf51!$A$2:$A$189,fp!$B156,Zvf51!$AI$2:$AI$189) -> 0 | S156: =+SUMIF(Zvf51!$A$2:$A$189,fp!$B156,Zvf51!$P$2:$P$189) -> 84 | T156: =+SUMIF(Zvf51!$A$2:$A$189,fp!$B156,Zvf51!$AP$2:$AP$189) -> 2592.48 | V156: =+O156-G156 -> 0 | W156: =+P156-H156 -> 0 | X156: =+Q156-I156 -> 0 | Y156: =+R156-J156 -> 0 | Z156: =+S156-K156 -> 0 | AA156: =+T156-L156 -> 0
B157: Tổng cộng (Total): | E157: =SUBTOTAL(9,E5:E156) -> 140876 | F157: =SUBTOTAL(9,F5:F156) -> 5529170.5 | G157: =SUBTOTAL(9,G5:G156) -> 265354 | H157: =SUBTOTAL(9,H5:H156) -> 9279574.7 | I157: =SUBTOTAL(9,I5:I156) -> 256284 | J157: =SUBTOTAL(9,J5:J156) -> 9395561.3 | K157: =SUBTOTAL(9,K5:K156) -> 149946 | L157: =SUBTOTAL(9,L5:L156) -> 5413183.9 | O157: =SUBTOTAL(9,O5:O156) -> 265324 | P157: =SUBTOTAL(9,P5:P156) -> 9278302.7 | Q157: =SUBTOTAL(9,Q5:Q156) -> 256224 | R157: =SUBTOTAL(9,R5:R156) -> 9392879.8 | S157: =SUBTOTAL(9,S5:S156) -> 149946 | T157: =SUBTOTAL(9,T5:T156) -> 5413184 | V157: =SUBTOTAL(9,V14:V156) -> -30 | W157: =SUBTOTAL(9,W14:W156) -> -1271.98 | X157: =SUBTOTAL(9,X14:X156) -> -60 | Y157: =SUBTOTAL(9,Y14:Y156) -> -2681.45 | Z157: =SUBTOTAL(9,Z14:Z156) -> 0 | AA157: =SUBTOTAL(9,AA14:AA156) -> 0.23

Sheet Sheet1
