Workbook

Sheet Allocation
A1: Allocate Cargo Insurance annual 2023 - 2024
A3: Vendor: | B3: MSIG Insurance (Vietnam) Company Limited | D3: AP-23-2215
A4: Policy number: | B4: B 20022795 MCA
A5: Period of Insurance: | B5: 01/07/2023 - 30/06/2024
A6: Invoice: | B6: 00003956
A7: Debit Note number: | B7: 2002279500016
A8: Premium amount: | B8: VND 98,787,176
A9: Estimated Sales amount: | B9: USD 152,602,419.56
A10: Annual rate: | B10: 5.5e-05
A11: Estimated annual premium: | B11: USD 152,602,419.56 x 0.0055% = USD 8,393.13
A12: Exchange rate: | B12: 23540 VND/USD | C12: =98787176/23540 -> 4196.5665
A13: Document No. | B13: 1900001000
A14: Posting date: | B14: 45119
A15: Budget code: | B15: 642705023311
A17: Month | B17: Estimated sales amount (A) | C17: Actual sales amount (B) | D17: Allocation (B x 0.0055%) | E17: Document no. | F17: Accumulated
A18: Jul.23 | C18: 5239855.5 | D18: =C18*0.0055% -> 288.19205 | E18: 100001228 | F18: =D18 -> 288.19205 | G18: Hạch toán 242
A19: Aug.23 | C19: 8420324.5 | D19: =C19*0.0055% -> 463.11785 | E19: 100001428 | F19: =F18+D19 -> 751.3099 | G19: Hạch toán 242
A20: Sep.23 | C20: 7332671.7 | D20: =C20*0.0055% -> 403.29694 | E20: 100001637 | F20: =F19+D20 -> 1154.6068 | G20: Hạch toán 242
A21: Oct.23 | C21: 9371819.1 | D21: =C21*0.0055% -> 515.45005 | E21: 100001832 | F21: =F20+D21 -> 1670.0569 | G21: Hạch toán 242
A22: Nov.23 | C22: 5690922.5 | D22: =C22*0.0055% -> 313.00074 | E22: 100002020 | F22: =F21+D22 -> 1983.0576 | G22: Hạch toán 242
A23: Dec.23 | C23: 9601196.9 | D23: =C23*0.0055% -> 528.06583 | E23: 100002310 | F23: =F22+D23 -> 2511.1235 | G23: Hạch toán 242
A24: Jan.24 | D24: =C24*0.0055% -> 0 | F24: =F23+D24 -> 2511.1235 | G24: Hạch toán 242 | J24: 397.89
A25: Feb.24 | F25: =F24+D25 -> 2511.1235 | G25: Hạch toán 335
A26: Mar.24 | F26: =F25+D26 -> 2511.1235 | G26: Hạch toán 335
A27: Apr.24 | F27: =F26+D27 -> 2511.1235 | G27: Hạch toán 335
A28: May.24 | F28: =F27+D28 -> 2511.1235 | G28: Hạch toán 335
A29: Jun.24 | F29: =F28+D29 -> 2511.1235 | G29: Hạch toán 335
A30: Total | B30: =SUBTOTAL(9,B18:B28) -> 0 | C30: =SUM(C18:C28) -> 45656790 | D30: =SUM(D18:D28) -> 2511.1235
D31: =C12-SUM(D18:D24) -> 1685.4431

Sheet Net sales
A1: Month | B1: Actual sales amount (B)
A2: Jul.23 | B2: =VLOOKUP(A2,Allocation!$A$18:$C$29,3,0) -> 5239855.5
A3: Aug.23 | B3: =VLOOKUP(A3,Allocation!$A$18:$C$29,3,0) -> 8420324.5
A4: Sep.23 | B4: =VLOOKUP(A4,Allocation!$A$18:$C$29,3,0) -> 7332671.7
A5: Oct.23 | B5: =VLOOKUP(A5,Allocation!$A$18:$C$29,3,0) -> 9371819.1
A6: Nov.23 | B6: =VLOOKUP(A6,Allocation!$A$18:$C$29,3,0) -> 5690922.5
A7: Dec.23 | B7: =VLOOKUP(A7,Allocation!$A$18:$C$29,3,0) -> 9601196.9
A8: Jan.24 | B8: =VLOOKUP(A8,Allocation!$A$18:$C$29,3,0) -> 0
A9: Feb.24 | B9: =VLOOKUP(A9,Allocation!$A$18:$C$29,3,0) -> 0
A10: Mar.24 | B10: =VLOOKUP(A10,Allocation!$A$18:$C$29,3,0) -> 0
A11: Apr.24 | B11: =VLOOKUP(A11,Allocation!$A$18:$C$29,3,0) -> 0
A12: May.24 | B12: =VLOOKUP(A12,Allocation!$A$18:$C$29,3,0) -> 0
A13: Jun.24 | B13: =VLOOKUP(A13,Allocation!$A$18:$C$29,3,0) -> 0

Sheet Sheet1
B1: SALES AMOUNT
B3: Unit: K.USD
D5: Sales information | F5: Data source
B6: No. | C6: Month | D6: Sales volume (Pcs) | E6: Sales amount (K.USD)
B7: 1 | C7: Jul.21 | D7: 142153 | E7: 6858.1876 | F7: Q1.FCST (RT2)
B8: 2 | C8: Aug.21 | D8: 131217 | E8: 6306.7997 | F8: Q1.FCST (RT2)
B9: 3 | C9: Sep.21 | D9: 230017 | E9: 9887.397 | F9: Q1.FCST (RT2)
B10: 4 | C10: Oct.21 | D10: 248019 | E10: 9874.8472 | F10: Q1.FCST (RT2)
B11: 5 | C11: Nov.21 | D11: 187274 | E11: 9124.9074 | F11: Q1.FCST (RT2)
B12: 6 | C12: Dec.21 | D12: 187810 | E12: 8260.1055 | F12: Q1.FCST (RT2)
B13: 7 | C13: Jan.22 | D13: =2226903/2 -> 1113451.5 | E13: =80470.698129797/2 -> 40235.349 | F13: 20MTBP/Y22 Divided by 2
B14: 8 | C14: Feb.22
B15: 9 | C15: Mar.22
B16: 10 | C16: Apr.22
B17: 11 | C17: May.22
B18: 12 | C18: Jun.22
B19: SUM | D19: =+SUM(D7:D18) -> 2239941.5 | E19: =+SUM(E7:E18) -> 90547.593
